{"0": {"cam_K": [3981.985991142684, 0.0, 1954.1872863769531, 0.0, 3981.985991142684, 1103.6978149414062, 0.0, 0.0, 1.0], "cam_R_w2c": [-0.9918202298617356, 0.00510680324482199, 0.12754039573225862, -0.03428900748708631, -0.9731310990788762, -0.22768427366043642, 0.12295078715145417, -0.23019510254571493, 0.9653462176649855], "cam_t_w2c": [-337.4470492221228, 587.8991738764912, -10.381216800868486], "depth_scale": 0.1}, "1": {"cam_K": [3981.985991142684, 0.0, 1954.1872863769531, 0.0, 3981.985991142684, 1103.6978149414062, 0.0, 0.0, 1.0], "cam_R_w2c": [-0.9918202298617356, 0.00510680324482199, 0.12754039573225862, -0.03428900748708631, -0.9731310990788762, -0.22768427366043642, 0.12295078715145417, -0.23019510254571493, 0.9653462176649855], "cam_t_w2c": [-337.4470492221228, 587.8991738764912, -10.381216800868486], "depth_scale": 0.1}, "2": {"cam_K": [3981.985991142684, 0.0, 1954.1872863769531, 0.0, 3981.985991142684, 1103.6978149414062, 0.0, 0.0, 1.0], "cam_R_w2c": [-0.9918202298617356, 0.00510680324482199, 0.12754039573225862, -0.03428900748708631, -0.9731310990788762, -0.22768427366043642, 0.12295078715145417, -0.23019510254571493, 0.9653462176649855], "cam_t_w2c": [-337.4470492221228, 587.8991738764912, -10.381216800868486], "depth_scale": 0.1}, "3": {"cam_K": [3981.985991142684, 0.0, 1954.1872863769531, 0.0, 3981.985991142684, 1103.6978149414062, 0.0, 0.0, 1.0], "cam_R_w2c": [-0.9918202298617356, 0.00510680324482199, 0.12754039573225862, -0.03428900748708631, -0.9731310990788762, -0.22768427366043642, 0.12295078715145417, -0.23019510254571493, 0.9653462176649855], "cam_t_w2c": [-337.4470492221228, 587.8991738764912, -10.381216800868486], "depth_scale": 0.1}, "4": {"cam_K": [3981.985991142684, 0.0, 1954.1872863769531, 0.0, 3981.985991142684, 1103.6978149414062, 0.0, 0.0, 1.0], "cam_R_w2c": [-0.9918202298617356, 0.00510680324482199, 0.12754039573225862, -0.03428900748708631, -0.9731310990788762, -0.22768427366043642, 0.12295078715145417, -0.23019510254571493, 0.9653462176649855], "cam_t_w2c": [-337.4470492221228, 587.8991738764912, -10.381216800868486], "depth_scale": 0.1}, "5": {"cam_K": [3981.985991142684, 0.0, 1954.1872863769531, 0.0, 3981.985991142684, 1103.6978149414062, 0.0, 0.0, 1.0], "cam_R_w2c": [-0.9918202298617356, 0.00510680324482199, 0.12754039573225862, -0.03428900748708631, -0.9731310990788762, -0.22768427366043642, 0.12295078715145417, -0.23019510254571493, 0.9653462176649855], "cam_t_w2c": [-337.4470492221228, 587.8991738764912, -10.381216800868486], "depth_scale": 0.1}}