{"0": {"cam_K": [3908.143157924693, 0.0, 1890.7140045166016, 0.0, 3908.143157924693, 1075.8029479980469, 0.0, 0.0, 1.0], "cam_R_w2c": [-0.9978245629417394, -0.009443259203045765, -0.06524544839425848, 0.009616732105867333, -0.9999510102904604, -0.002345206086864512, -0.0652201042029339, -0.002967547769463954, 0.9978664945141141], "cam_t_w2c": [115.62380250813226, -190.52428754516507, -120.36432695315395], "depth_scale": 0.1}, "1": {"cam_K": [3908.143157924693, 0.0, 1890.7140045166016, 0.0, 3908.143157924693, 1075.8029479980469, 0.0, 0.0, 1.0], "cam_R_w2c": [-0.9978245629417394, -0.009443259203045765, -0.06524544839425848, 0.009616732105867333, -0.9999510102904604, -0.002345206086864512, -0.0652201042029339, -0.002967547769463954, 0.9978664945141141], "cam_t_w2c": [115.62380250813226, -190.52428754516507, -120.36432695315395], "depth_scale": 0.1}, "2": {"cam_K": [3908.143157924693, 0.0, 1890.7140045166016, 0.0, 3908.143157924693, 1075.8029479980469, 0.0, 0.0, 1.0], "cam_R_w2c": [-0.9978245629417394, -0.009443259203045765, -0.06524544839425848, 0.009616732105867333, -0.9999510102904604, -0.002345206086864512, -0.0652201042029339, -0.002967547769463954, 0.9978664945141141], "cam_t_w2c": [115.62380250813226, -190.52428754516507, -120.36432695315395], "depth_scale": 0.1}, "3": {"cam_K": [3908.143157924693, 0.0, 1890.7140045166016, 0.0, 3908.143157924693, 1075.8029479980469, 0.0, 0.0, 1.0], "cam_R_w2c": [-0.9978245629417394, -0.009443259203045765, -0.06524544839425848, 0.009616732105867333, -0.9999510102904604, -0.002345206086864512, -0.0652201042029339, -0.002967547769463954, 0.9978664945141141], "cam_t_w2c": [115.62380250813226, -190.52428754516507, -120.36432695315395], "depth_scale": 0.1}, "4": {"cam_K": [3908.143157924693, 0.0, 1890.7140045166016, 0.0, 3908.143157924693, 1075.8029479980469, 0.0, 0.0, 1.0], "cam_R_w2c": [-0.9978245629417394, -0.009443259203045765, -0.06524544839425848, 0.009616732105867333, -0.9999510102904604, -0.002345206086864512, -0.0652201042029339, -0.002967547769463954, 0.9978664945141141], "cam_t_w2c": [115.62380250813226, -190.52428754516507, -120.36432695315395], "depth_scale": 0.1}, "5": {"cam_K": [3908.143157924693, 0.0, 1890.7140045166016, 0.0, 3908.143157924693, 1075.8029479980469, 0.0, 0.0, 1.0], "cam_R_w2c": [-0.9978245629417394, -0.009443259203045765, -0.06524544839425848, 0.009616732105867333, -0.9999510102904604, -0.002345206086864512, -0.0652201042029339, -0.002967547769463954, 0.9978664945141141], "cam_t_w2c": [115.62380250813226, -190.52428754516507, -120.36432695315395], "depth_scale": 0.1}}