{
    "0": {
        "cam_K": [
            3920.8190044234093,
            0.0,
            1908.6146087646484,
            0.0,
            3920.8190044234093,
            1103.989730834961,
            0.0,
            0.0,
            1.0
        ],
        "cam_R_w2c": [
            -0.8170778845971803,
            -0.017026428635155775,
            0.5762758287518114,
            0.009781322112162743,
            -0.9998293417321517,
            -0.015672045394593034,
            0.5764443214582492,
            -0.007168542191480993,
            0.8171049844408694
        ],
        "cam_t_w2c": [
            -1231.274039249868,
            -188.7922414957101,
            570.9722570284214
        ],
        "depth_scale": 0.1
    },
    "1": {
        "cam_K": [
            3920.8190044234093,
            0.0,
            1908.6146087646484,
            0.0,
            3920.8190044234093,
            1103.989730834961,
            0.0,
            0.0,
            1.0
        ],
        "cam_R_w2c": [
            -0.8170778845971803,
            -0.017026428635155775,
            0.5762758287518114,
            0.009781322112162743,
            -0.9998293417321517,
            -0.015672045394593034,
            0.5764443214582492,
            -0.007168542191480993,
            0.8171049844408694
        ],
        "cam_t_w2c": [
            -1231.274039249868,
            -188.7922414957101,
            570.9722570284214
        ],
        "depth_scale": 0.1
    },
    "2": {
        "cam_K": [
            3920.8190044234093,
            0.0,
            1908.6146087646484,
            0.0,
            3920.8190044234093,
            1103.989730834961,
            0.0,
            0.0,
            1.0
        ],
        "cam_R_w2c": [
            -0.8170778845971803,
            -0.017026428635155775,
            0.5762758287518114,
            0.009781322112162743,
            -0.9998293417321517,
            -0.015672045394593034,
            0.5764443214582492,
            -0.007168542191480993,
            0.8171049844408694
        ],
        "cam_t_w2c": [
            -1231.274039249868,
            -188.7922414957101,
            570.9722570284214
        ],
        "depth_scale": 0.1
    },
    "3": {
        "cam_K": [
            3920.8190044234093,
            0.0,
            1908.6146087646484,
            0.0,
            3920.8190044234093,
            1103.989730834961,
            0.0,
            0.0,
            1.0
        ],
        "cam_R_w2c": [
            -0.8170778845971803,
            -0.017026428635155775,
            0.5762758287518114,
            0.009781322112162743,
            -0.9998293417321517,
            -0.015672045394593034,
            0.5764443214582492,
            -0.007168542191480993,
            0.8171049844408694
        ],
        "cam_t_w2c": [
            -1231.274039249868,
            -188.7922414957101,
            570.9722570284214
        ],
        "depth_scale": 0.1
    },
    "4": {
        "cam_K": [
            3920.8190044234093,
            0.0,
            1908.6146087646484,
            0.0,
            3920.8190044234093,
            1103.989730834961,
            0.0,
            0.0,
            1.0
        ],
        "cam_R_w2c": [
            -0.8170778845971803,
            -0.017026428635155775,
            0.5762758287518114,
            0.009781322112162743,
            -0.9998293417321517,
            -0.015672045394593034,
            0.5764443214582492,
            -0.007168542191480993,
            0.8171049844408694
        ],
        "cam_t_w2c": [
            -1231.274039249868,
            -188.7922414957101,
            570.9722570284214
        ],
        "depth_scale": 0.1
    },
    "5": {
        "cam_K": [
            3920.8190044234093,
            0.0,
            1908.6146087646484,
            0.0,
            3920.8190044234093,
            1103.989730834961,
            0.0,
            0.0,
            1.0
        ],
        "cam_R_w2c": [
            -0.8170778845971803,
            -0.017026428635155775,
            0.5762758287518114,
            0.009781322112162743,
            -0.9998293417321517,
            -0.015672045394593034,
            0.5764443214582492,
            -0.007168542191480993,
            0.8171049844408694
        ],
        "cam_t_w2c": [
            -1231.274039249868,
            -188.7922414957101,
            570.9722570284214
        ],
        "depth_scale": 0.1
    }
}

